timeStamp,elapsed,label,responseCode,responseMessage,threadName,dataType,success,bytes,grpThreads,allThreads,URL,Latency
1460037721176,256,Cat,200,OK,JMeter Users 1-1,text,true,20394,3,3,http://www.google.com/#q=cat,186
1460037721277,210,Cat,200,OK,JMeter Users 1-2,text,true,20362,4,4,http://www.google.com/#q=cat,175
1460037721377,424,Cat,200,OK,JMeter Users 1-3,text,true,20363,7,7,http://www.google.com/#q=cat,235
1460037721432,375,Dog,200,OK,JMeter Users 1-1,text,true,20038,7,7,http://www.google.com/#q=dog,75
1460037721497,433,Dog,200,OK,JMeter Users 1-2,text,true,20006,8,8,http://www.google.com/#q=dog,69
1460037721481,656,Cat,200,OK,JMeter Users 1-4,text,true,20396,10,10,http://www.google.com/#q=cat,398
1460037721579,596,Cat,200,OK,JMeter Users 1-5,text,true,20365,10,10,http://www.google.com/#q=cat,293
1460037721680,692,Cat,200,OK,JMeter Users 1-6,text,true,20446,10,10,http://www.google.com/#q=cat,411
1460037721779,844,Cat,200,OK,JMeter Users 1-7,text,true,20445,10,10,http://www.google.com/#q=cat,427
1460037721811,849,Cat,200,OK,JMeter Users 1-1,text,true,20038,10,10,http://www.google.com/#q=cat,91
1460037721811,878,Dog,200,OK,JMeter Users 1-3,text,true,20006,10,10,http://www.google.com/#q=dog,105
1460037721934,821,Cat,200,OK,JMeter Users 1-2,text,true,20006,10,10,http://www.google.com/#q=cat,100
1460037721878,974,Cat,200,OK,JMeter Users 1-8,text,true,20394,10,10,http://www.google.com/#q=cat,588
1460037721979,960,Cat,200,OK,JMeter Users 1-9,text,true,20346,10,10,http://www.google.com/#q=cat,698
1460037722080,952,Cat,200,OK,JMeter Users 1-10,text,true,20363,10,10,http://www.google.com/#q=cat,675
1460037722378,664,Dog,200,OK,JMeter Users 1-6,text,true,20090,10,10,http://www.google.com/#q=dog,113
1460037722137,912,Dog,200,OK,JMeter Users 1-4,text,true,20041,10,10,http://www.google.com/#q=dog,127
1460037722378,719,Dog,200,OK,JMeter Users 1-5,text,true,20008,10,10,http://www.google.com/#q=dog,145
1460037722624,814,Dog,200,OK,JMeter Users 1-7,text,true,20088,10,10,http://www.google.com/#q=dog,106
1460037722828,811,Dog,200,OK,JMeter Users 1-2,text,true,20006,10,10,http://www.google.com/#q=dog,95
1460037722828,825,Cat,200,OK,JMeter Users 1-3,text,true,20006,10,10,http://www.google.com/#q=cat,113
1460037722828,831,Dog,200,OK,JMeter Users 1-1,text,true,20038,10,10,http://www.google.com/#q=dog,125
1460037722947,789,Dog,200,OK,JMeter Users 1-9,text,true,19990,10,10,http://www.google.com/#q=dog,115
1460037722947,793,Dog,200,OK,JMeter Users 1-8,text,true,20037,10,10,http://www.google.com/#q=dog,86
1460037723033,791,Dog,200,OK,JMeter Users 1-10,text,true,20006,10,10,http://www.google.com/#q=dog,104
1460037723047,808,Cat,200,OK,JMeter Users 1-6,text,true,20090,10,10,http://www.google.com/#q=cat,109
1460037723080,788,Cat,200,OK,JMeter Users 1-4,text,true,20040,10,10,http://www.google.com/#q=cat,123
1460037723098,823,Cat,200,OK,JMeter Users 1-5,text,true,20008,10,10,http://www.google.com/#q=cat,130
1460037723438,728,Cat,200,OK,JMeter Users 1-7,text,true,20088,10,10,http://www.google.com/#q=cat,121
1460037723662,720,Cat,200,OK,JMeter Users 1-1,text,true,20038,10,10,http://www.google.com/#q=cat,116
1460037723662,760,Cat,200,OK,JMeter Users 1-2,text,true,20006,10,10,http://www.google.com/#q=cat,88
1460037723662,770,Dog,200,OK,JMeter Users 1-3,text,true,20006,10,10,http://www.google.com/#q=dog,106
1460037723736,762,Cat,200,OK,JMeter Users 1-9,text,true,19990,10,10,http://www.google.com/#q=cat,107
1460037723878,798,Cat,200,OK,JMeter Users 1-8,text,true,20037,10,10,http://www.google.com/#q=cat,92
1460037723895,806,Cat,200,OK,JMeter Users 1-10,text,true,20006,10,10,http://www.google.com/#q=cat,96
1460037723896,812,Dog,200,OK,JMeter Users 1-4,text,true,20040,10,10,http://www.google.com/#q=dog,112
1460037723896,818,Dog,200,OK,JMeter Users 1-6,text,true,20090,10,10,http://www.google.com/#q=dog,135
1460037723930,835,Dog,200,OK,JMeter Users 1-5,text,true,20008,10,10,http://www.google.com/#q=dog,144
1460037724167,712,Dog,200,OK,JMeter Users 1-7,text,true,20088,10,10,http://www.google.com/#q=dog,112
1460037724383,661,Dog,200,OK,JMeter Users 1-1,text,true,20038,10,10,http://www.google.com/#q=dog,115
1460037724461,591,Cat,200,OK,JMeter Users 1-3,text,true,20006,10,10,http://www.google.com/#q=cat,114
1460037724422,630,Dog,200,OK,JMeter Users 1-2,text,true,20006,10,10,http://www.google.com/#q=dog,104
1460037724646,534,Dog,200,OK,JMeter Users 1-9,text,true,19990,10,10,http://www.google.com/#q=dog,94
1460037724745,488,Cat,200,OK,JMeter Users 1-4,text,true,20040,10,10,http://www.google.com/#q=cat,96
1460037724745,530,Cat,200,OK,JMeter Users 1-6,text,true,20090,10,10,http://www.google.com/#q=cat,114
1460037724995,613,Cat,200,OK,JMeter Users 1-7,text,true,20088,10,10,http://www.google.com/#q=cat,77
1460037724994,682,Cat,200,OK,JMeter Users 1-5,text,true,20008,10,10,http://www.google.com/#q=cat,93
1460037724745,1168,Dog,200,OK,JMeter Users 1-10,text,true,20006,10,10,http://www.google.com/#q=dog,498
1460037724745,1226,Dog,200,OK,JMeter Users 1-8,text,true,20038,10,10,http://www.google.com/#q=dog,513
1460037725211,797,Dog,200,OK,JMeter Users 1-3,text,true,20006,10,10,http://www.google.com/#q=dog,129
1460037725211,830,Cat,200,OK,JMeter Users 1-1,text,true,20038,10,10,http://www.google.com/#q=cat,94
1460037725211,847,Cat,200,OK,JMeter Users 1-2,text,true,20006,10,10,http://www.google.com/#q=cat,112
1460037725212,866,Cat,200,OK,JMeter Users 1-9,text,true,19990,10,10,http://www.google.com/#q=cat,158
1460037725345,777,Dog,200,OK,JMeter Users 1-6,text,true,20090,10,10,http://www.google.com/#q=dog,100
1460037725345,817,Dog,200,OK,JMeter Users 1-4,text,true,20040,10,10,http://www.google.com/#q=dog,119
1460037725608,649,Dog,200,OK,JMeter Users 1-7,text,true,20088,10,10,http://www.google.com/#q=dog,119
1460037725814,443,Dog,200,OK,JMeter Users 1-5,text,true,20008,10,10,http://www.google.com/#q=dog,124
1460037725914,510,Cat,200,OK,JMeter Users 1-10,text,true,20006,10,10,http://www.google.com/#q=cat,95
1460037725972,499,Cat,200,OK,JMeter Users 1-8,text,true,20037,10,10,http://www.google.com/#q=cat,106
1460037726229,753,Dog,200,OK,JMeter Users 1-1,text,true,20038,10,10,http://www.google.com/#q=dog,71
1460037726229,788,Dog,200,OK,JMeter Users 1-2,text,true,20006,10,10,http://www.google.com/#q=dog,113
1460037726229,811,Cat,200,OK,JMeter Users 1-3,text,true,20006,10,10,http://www.google.com/#q=cat,90
1460037726230,845,Cat,200,OK,JMeter Users 1-6,text,true,20090,10,10,http://www.google.com/#q=cat,159
1460037726278,830,Cat,200,OK,JMeter Users 1-7,text,true,20088,10,10,http://www.google.com/#q=cat,146
1460037726229,880,Dog,200,OK,JMeter Users 1-9,text,true,19990,10,10,http://www.google.com/#q=dog,131
1460037726230,882,Cat,200,OK,JMeter Users 1-4,text,true,20040,10,10,http://www.google.com/#q=cat,141
1460037726279,835,Cat,200,OK,JMeter Users 1-5,text,true,20008,10,10,http://www.google.com/#q=cat,134
1460037726424,813,Dog,200,OK,JMeter Users 1-10,text,true,20006,10,10,http://www.google.com/#q=dog,106
1460037726681,680,Dog,200,OK,JMeter Users 1-8,text,true,20037,10,10,http://www.google.com/#q=dog,108
1460037726983,724,Cat,200,OK,JMeter Users 1-1,text,true,20038,10,10,http://www.google.com/#q=cat,100
1460037727045,748,Cat,200,OK,JMeter Users 1-2,text,true,20006,10,10,http://www.google.com/#q=cat,84
1460037727045,758,Dog,200,OK,JMeter Users 1-3,text,true,20006,10,10,http://www.google.com/#q=dog,95
1460037727075,788,Dog,200,OK,JMeter Users 1-6,text,true,20090,10,10,http://www.google.com/#q=dog,101
1460037727108,785,Dog,200,OK,JMeter Users 1-7,text,true,20088,10,10,http://www.google.com/#q=dog,122
1460037727212,756,Dog,200,OK,JMeter Users 1-5,text,true,20008,10,10,http://www.google.com/#q=dog,96
1460037727212,805,Dog,200,OK,JMeter Users 1-4,text,true,20040,10,10,http://www.google.com/#q=dog,121
1460037727212,875,Cat,200,OK,JMeter Users 1-9,text,true,19990,10,10,http://www.google.com/#q=cat,137
1460037727708,445,Dog,200,OK,JMeter Users 1-1,text,true,20038,10,10,http://www.google.com/#q=dog,105
1460037727428,901,Cat,200,OK,JMeter Users 1-10,text,true,20006,9,9,http://www.google.com/#q=cat,123
1460037727428,930,Cat,200,OK,JMeter Users 1-8,text,true,21455,9,9,http://www.google.com/#q=cat,123
1460037727879,586,Cat,200,OK,JMeter Users 1-6,text,true,20090,9,9,http://www.google.com/#q=cat,120
1460037727879,592,Cat,200,OK,JMeter Users 1-3,text,true,20006,9,9,http://www.google.com/#q=cat,108
1460037727879,703,Dog,200,OK,JMeter Users 1-2,text,true,20006,9,9,http://www.google.com/#q=dog,90
1460037727961,786,Cat,200,OK,JMeter Users 1-7,text,true,20088,8,8,http://www.google.com/#q=cat,141
1460037728095,704,Dog,200,OK,JMeter Users 1-9,text,true,19990,8,8,http://www.google.com/#q=dog,135
1460037728095,710,Cat,200,OK,JMeter Users 1-4,text,true,20040,8,8,http://www.google.com/#q=cat,105
1460037728095,711,Cat,200,OK,JMeter Users 1-5,text,true,20008,8,8,http://www.google.com/#q=cat,118
1460037728329,618,Dog,200,OK,JMeter Users 1-10,text,true,20006,8,8,http://www.google.com/#q=dog,107
1460037728359,613,Dog,200,OK,JMeter Users 1-8,text,true,20037,8,8,http://www.google.com/#q=dog,113
1460037728579,527,Dog,200,OK,JMeter Users 1-3,text,true,20006,8,8,http://www.google.com/#q=dog,103
1460037728579,545,Dog,200,OK,JMeter Users 1-6,text,true,20090,8,8,http://www.google.com/#q=dog,120
1460037728747,467,Dog,200,OK,JMeter Users 1-7,text,true,20088,6,6,http://www.google.com/#q=dog,89
1460037728799,462,Cat,200,OK,JMeter Users 1-9,text,true,19990,6,6,http://www.google.com/#q=cat,93
1460037728946,444,Dog,200,OK,JMeter Users 1-5,text,true,20008,5,5,http://www.google.com/#q=dog,93
1460037728946,456,Dog,200,OK,JMeter Users 1-4,text,true,20040,5,5,http://www.google.com/#q=dog,108
1460037729095,390,Cat,200,OK,JMeter Users 1-10,text,true,20006,3,3,http://www.google.com/#q=cat,139
1460037729113,384,Cat,200,OK,JMeter Users 1-8,text,true,20038,3,3,http://www.google.com/#q=cat,84
1460037729347,198,Dog,200,OK,JMeter Users 1-9,text,true,19990,3,3,http://www.google.com/#q=dog,85
1460037729499,170,Dog,200,OK,JMeter Users 1-8,text,true,20037,2,2,http://www.google.com/#q=dog,60
1460037729499,218,Dog,200,OK,JMeter Users 1-10,text,true,20006,1,1,http://www.google.com/#q=dog,100
