timeStamp,elapsed,label,responseCode,responseMessage,threadName,dataType,success,bytes,grpThreads,allThreads,URL,Latency
1.45997E+12,9,Home Page,200,OK,JMeter Users 1-1,text,TRUE,2016,1,1,http://192.168.99.100:8000/login/,3
1.45997E+12,11,Changes,200,OK,JMeter Users 1-1,text,TRUE,2004,1,1,http://192.168.99.100:8000/login/,3
1.45997E+12,34,Home Page,200,OK,JMeter Users 1-2,text,TRUE,2016,2,2,http://192.168.99.100:8000/login/,5
1.45997E+12,36,Changes,200,OK,JMeter Users 1-2,text,TRUE,2004,2,2,http://192.168.99.100:8000/login/,9
1.45997E+12,97,Login,200,OK,JMeter Users 1-1,text,TRUE,3830,2,2,http://192.168.99.100:8000/,54
1.45997E+12,9,Home Page,200,OK,JMeter Users 1-3,text,TRUE,2016,3,3,http://192.168.99.100:8000/login/,3
1.45997E+12,41,Changes,200,OK,JMeter Users 1-3,text,TRUE,2004,4,4,http://192.168.99.100:8000/login/,5
1.45997E+12,45,Home Page,200,OK,JMeter Users 1-4,text,TRUE,2016,4,4,http://192.168.99.100:8000/login/,14
1.45997E+12,112,Home Page,200,OK,JMeter Users 1-1,text,TRUE,3992,5,5,http://192.168.99.100:8000/,3
1.45997E+12,34,Home Page,200,OK,JMeter Users 1-5,text,TRUE,2016,5,5,http://192.168.99.100:8000/login/,7
1.45997E+12,164,Login,200,OK,JMeter Users 1-2,text,TRUE,3830,5,5,http://192.168.99.100:8000/,103
1.45997E+12,49,Changes,200,OK,JMeter Users 1-4,text,TRUE,2004,6,6,http://192.168.99.100:8000/login/,7
1.45997E+12,176,Login,200,OK,JMeter Users 1-3,text,TRUE,3830,6,6,http://192.168.99.100:8000/,106
1.45997E+12,92,Home Page,200,OK,JMeter Users 1-2,text,TRUE,3992,6,6,http://192.168.99.100:8000/,9
1.45997E+12,97,Changes,200,OK,JMeter Users 1-1,text,TRUE,4145,6,6,http://192.168.99.100:8000/catpost/2,94
1.45997E+12,112,Changes,200,OK,JMeter Users 1-5,text,TRUE,2004,6,6,http://192.168.99.100:8000/login/,36
1.45997E+12,79,Home Page,200,OK,JMeter Users 1-6,text,TRUE,2016,6,6,http://192.168.99.100:8000/login/,19
1.45997E+12,140,Changes,200,OK,JMeter Users 1-2,text,TRUE,4145,7,7,http://192.168.99.100:8000/catpost/2,140
1.45997E+12,177,Home Page,200,OK,JMeter Users 1-3,text,TRUE,3992,8,8,http://192.168.99.100:8000/,23
1.45997E+12,125,Login,200,OK,JMeter Users 1-1,text,TRUE,3739,8,8,http://192.168.99.100:8000/,20
1.45997E+12,132,Changes,200,OK,JMeter Users 1-6,text,TRUE,2004,8,8,http://192.168.99.100:8000/login/,22
1.45997E+12,140,Home Page,200,OK,JMeter Users 1-7,text,TRUE,2016,8,8,http://192.168.99.100:8000/login/,20
1.45997E+12,99,Home Page,200,OK,JMeter Users 1-8,text,TRUE,2016,9,9,http://192.168.99.100:8000/login/,27
1.45997E+12,136,Login,200,OK,JMeter Users 1-2,text,TRUE,3739,9,9,http://192.168.99.100:8000/,30
1.45997E+12,123,Changes,200,OK,JMeter Users 1-7,text,TRUE,2004,9,9,http://192.168.99.100:8000/login/,48
1.45997E+12,168,Changes,200,OK,JMeter Users 1-3,text,TRUE,4145,9,9,http://192.168.99.100:8000/catpost/2,168
1.45997E+12,339,Login,200,OK,JMeter Users 1-5,text,TRUE,3830,10,10,http://192.168.99.100:8000/,167
1.45997E+12,410,Login,200,OK,JMeter Users 1-4,text,TRUE,3830,10,10,http://192.168.99.100:8000/,223
1.45997E+12,169,Home Page,200,OK,JMeter Users 1-9,text,TRUE,2016,10,10,http://192.168.99.100:8000/login/,79
1.45997E+12,235,Home Page,200,OK,JMeter Users 1-1,text,TRUE,3992,10,10,http://192.168.99.100:8000/,39
1.45997E+12,72,Home Page,200,OK,JMeter Users 1-10,text,TRUE,2016,10,10,http://192.168.99.100:8000/login/,46
1.45997E+12,137,Changes,200,OK,JMeter Users 1-8,text,TRUE,2004,10,10,http://192.168.99.100:8000/login/,58
1.45997E+12,277,Login,200,OK,JMeter Users 1-6,text,TRUE,3830,10,10,http://192.168.99.100:8000/,221
1.45997E+12,179,Home Page,200,OK,JMeter Users 1-2,text,TRUE,3992,10,10,http://192.168.99.100:8000/,79
1.45997E+12,179,Changes,200,OK,JMeter Users 1-2,text,TRUE,4145,10,10,http://192.168.99.100:8000/catpost/2,174
1.45997E+12,198,Changes,200,OK,JMeter Users 1-1,text,TRUE,4145,10,10,http://192.168.99.100:8000/catpost/2,172
1.45997E+12,217,Login,200,OK,JMeter Users 1-3,text,TRUE,3739,10,10,http://192.168.99.100:8000/,14
1.45997E+12,211,Changes,200,OK,JMeter Users 1-9,text,TRUE,2004,10,10,http://192.168.99.100:8000/login/,21
1.45997E+12,235,Changes,200,OK,JMeter Users 1-10,text,TRUE,2004,10,10,http://192.168.99.100:8000/login/,33
1.45997E+12,303,Login,200,OK,JMeter Users 1-7,text,TRUE,3830,10,10,http://192.168.99.100:8000/,166
1.45997E+12,341,Login,200,OK,JMeter Users 1-8,text,TRUE,3830,10,10,http://192.168.99.100:8000/,196
1.45997E+12,347,Home Page,200,OK,JMeter Users 1-5,text,TRUE,3992,10,10,http://192.168.99.100:8000/,27
1.45997E+12,348,Home Page,200,OK,JMeter Users 1-4,text,TRUE,3992,10,10,http://192.168.99.100:8000/,51
1.45997E+12,347,Home Page,200,OK,JMeter Users 1-6,text,TRUE,3992,10,10,http://192.168.99.100:8000/,36
1.45997E+12,174,Login,200,OK,JMeter Users 1-2,text,TRUE,3739,10,10,http://192.168.99.100:8000/,34
1.45997E+12,122,Changes,200,OK,JMeter Users 1-5,text,TRUE,4145,10,10,http://192.168.99.100:8000/catpost/2,122
1.45997E+12,148,Changes,200,OK,JMeter Users 1-4,text,TRUE,4145,10,10,http://192.168.99.100:8000/catpost/2,148
1.45997E+12,156,Changes,200,OK,JMeter Users 1-6,text,TRUE,4145,10,10,http://192.168.99.100:8000/catpost/2,148
1.45997E+12,306,Home Page,200,OK,JMeter Users 1-7,text,TRUE,3992,10,10,http://192.168.99.100:8000/,5
1.45997E+12,313,Home Page,200,OK,JMeter Users 1-3,text,TRUE,3992,10,10,http://192.168.99.100:8000/,7
1.45997E+12,318,Login,200,OK,JMeter Users 1-1,text,TRUE,3739,10,10,http://192.168.99.100:8000/,9
1.45997E+12,332,Home Page,200,OK,JMeter Users 1-2,text,TRUE,3992,10,10,http://192.168.99.100:8000/,131
1.45997E+12,333,Home Page,200,OK,JMeter Users 1-8,text,TRUE,3992,10,10,http://192.168.99.100:8000/,32
1.45997E+12,240,Login,200,OK,JMeter Users 1-4,text,TRUE,3739,10,10,http://192.168.99.100:8000/,46
1.45997E+12,443,Login,200,OK,JMeter Users 1-9,text,TRUE,3830,10,10,http://192.168.99.100:8000/,239
1.45997E+12,510,Login,200,OK,JMeter Users 1-10,text,TRUE,3830,10,10,http://192.168.99.100:8000/,220
1.45997E+12,224,Login,200,OK,JMeter Users 1-6,text,TRUE,3739,10,10,http://192.168.99.100:8000/,47
1.45997E+12,413,Login,200,OK,JMeter Users 1-5,text,TRUE,3739,10,10,http://192.168.99.100:8000/,60
1.45997E+12,194,Changes,200,OK,JMeter Users 1-7,text,TRUE,4145,10,10,http://192.168.99.100:8000/catpost/2,186
1.45997E+12,216,Changes,200,OK,JMeter Users 1-3,text,TRUE,4145,10,10,http://192.168.99.100:8000/catpost/2,194
1.45997E+12,288,Changes,200,OK,JMeter Users 1-2,text,TRUE,4145,10,10,http://192.168.99.100:8000/catpost/2,279
1.45997E+12,287,Changes,200,OK,JMeter Users 1-8,text,TRUE,4145,10,10,http://192.168.99.100:8000/catpost/2,286
1.45997E+12,372,Home Page,200,OK,JMeter Users 1-1,text,TRUE,3992,10,10,http://192.168.99.100:8000/,185
1.45997E+12,350,Home Page,200,OK,JMeter Users 1-9,text,TRUE,3992,10,10,http://192.168.99.100:8000/,122
1.45997E+12,392,Home Page,200,OK,JMeter Users 1-4,text,TRUE,3992,10,10,http://192.168.99.100:8000/,159
1.45997E+12,246,Login,200,OK,JMeter Users 1-7,text,TRUE,3739,10,10,http://192.168.99.100:8000/,55
1.45997E+12,225,Login,200,OK,JMeter Users 1-3,text,TRUE,3739,10,10,http://192.168.99.100:8000/,55
1.45997E+12,286,Home Page,200,OK,JMeter Users 1-6,text,TRUE,3992,10,10,http://192.168.99.100:8000/,51
1.45997E+12,351,Home Page,200,OK,JMeter Users 1-5,text,TRUE,3992,10,10,http://192.168.99.100:8000/,50
1.45997E+12,388,Home Page,200,OK,JMeter Users 1-10,text,TRUE,3992,10,10,http://192.168.99.100:8000/,67
1.45997E+12,150,Changes,200,OK,JMeter Users 1-9,text,TRUE,4145,10,10,http://192.168.99.100:8000/catpost/2,124
1.45997E+12,258,Changes,200,OK,JMeter Users 1-1,text,TRUE,4145,10,10,http://192.168.99.100:8000/catpost/2,244
1.45997E+12,196,Changes,200,OK,JMeter Users 1-4,text,TRUE,4145,10,10,http://192.168.99.100:8000/catpost/2,196
1.45997E+12,403,Login,200,OK,JMeter Users 1-8,text,TRUE,3739,10,10,http://192.168.99.100:8000/,178
1.45997E+12,255,Changes,200,OK,JMeter Users 1-6,text,TRUE,4145,10,10,http://192.168.99.100:8000/catpost/2,255
1.45997E+12,437,Login,200,OK,JMeter Users 1-2,text,TRUE,3739,10,10,http://192.168.99.100:8000/,186
1.45997E+12,214,Changes,200,OK,JMeter Users 1-5,text,TRUE,4145,10,10,http://192.168.99.100:8000/catpost/2,210
1.45997E+12,210,Changes,200,OK,JMeter Users 1-10,text,TRUE,4145,10,10,http://192.168.99.100:8000/catpost/2,203
1.45997E+12,375,Home Page,200,OK,JMeter Users 1-3,text,TRUE,3992,10,10,http://192.168.99.100:8000/,109
1.45997E+12,294,Login,200,OK,JMeter Users 1-9,text,TRUE,3739,10,10,http://192.168.99.100:8000/,152
1.45997E+12,450,Home Page,200,OK,JMeter Users 1-7,text,TRUE,3992,10,10,http://192.168.99.100:8000/,130
1.45997E+12,281,Login,200,OK,JMeter Users 1-1,text,TRUE,3739,10,10,http://192.168.99.100:8000/,120
1.45997E+12,276,Login,200,OK,JMeter Users 1-4,text,TRUE,3739,10,10,http://192.168.99.100:8000/,114
1.45997E+12,232,Login,200,OK,JMeter Users 1-6,text,TRUE,3739,10,10,http://192.168.99.100:8000/,42
1.45997E+12,218,Login,200,OK,JMeter Users 1-5,text,TRUE,3739,10,10,http://192.168.99.100:8000/,38
1.45997E+12,315,Home Page,200,OK,JMeter Users 1-8,text,TRUE,3992,10,10,http://192.168.99.100:8000/,58
1.45997E+12,266,Changes,200,OK,JMeter Users 1-3,text,TRUE,4145,10,10,http://192.168.99.100:8000/catpost/2,244
1.45997E+12,378,Home Page,200,OK,JMeter Users 1-2,text,TRUE,3992,10,10,http://192.168.99.100:8000/,31
1.45997E+12,211,Changes,200,OK,JMeter Users 1-7,text,TRUE,4145,10,10,http://192.168.99.100:8000/catpost/2,197
1.45997E+12,352,Login,200,OK,JMeter Users 1-10,text,TRUE,3739,10,10,http://192.168.99.100:8000/,74
1.45997E+12,107,Changes,200,OK,JMeter Users 1-8,text,TRUE,4145,10,10,http://192.168.99.100:8000/catpost/2,107
1.45997E+12,350,Home Page,200,OK,JMeter Users 1-9,text,TRUE,3992,10,10,http://192.168.99.100:8000/,89
1.45997E+12,332,Home Page,200,OK,JMeter Users 1-4,text,TRUE,3992,10,10,http://192.168.99.100:8000/,104
1.45997E+12,148,Changes,200,OK,JMeter Users 1-2,text,TRUE,4145,10,10,http://192.168.99.100:8000/catpost/2,147
1.45997E+12,353,Home Page,200,OK,JMeter Users 1-1,text,TRUE,3992,10,10,http://192.168.99.100:8000/,102
1.45997E+12,327,Home Page,200,OK,JMeter Users 1-6,text,TRUE,3992,10,10,http://192.168.99.100:8000/,74
1.45997E+12,354,Home Page,200,OK,JMeter Users 1-5,text,TRUE,3992,10,10,http://192.168.99.100:8000/,63
1.45997E+12,252,Login,200,OK,JMeter Users 1-7,text,TRUE,3739,10,10,http://192.168.99.100:8000/,36
1.45997E+12,380,Login,200,OK,JMeter Users 1-3,text,TRUE,3739,10,10,http://192.168.99.100:8000/,35
1.45997E+12,226,Changes,200,OK,JMeter Users 1-4,text,TRUE,4145,10,10,http://192.168.99.100:8000/catpost/2,221
1.45997E+12,357,Login,200,OK,JMeter Users 1-8,text,TRUE,3739,10,10,http://192.168.99.100:8000/,142
1.45997E+12,248,Changes,200,OK,JMeter Users 1-9,text,TRUE,4145,10,10,http://192.168.99.100:8000/catpost/2,230
1.45997E+12,235,Changes,200,OK,JMeter Users 1-1,text,TRUE,4145,10,10,http://192.168.99.100:8000/catpost/2,229
1.45997E+12,370,Login,200,OK,JMeter Users 1-2,text,TRUE,3739,10,10,http://192.168.99.100:8000/,76
1.45997E+12,303,Changes,200,OK,JMeter Users 1-5,text,TRUE,4145,9,9,http://192.168.99.100:8000/catpost/2,300
1.45997E+12,511,Home Page,200,OK,JMeter Users 1-10,text,TRUE,3992,9,9,http://192.168.99.100:8000/,138
1.45997E+12,356,Changes,200,OK,JMeter Users 1-6,text,TRUE,4145,9,9,http://192.168.99.100:8000/catpost/2,356
1.45997E+12,176,Login,200,OK,JMeter Users 1-4,text,TRUE,3739,9,9,http://192.168.99.100:8000/,43
1.45997E+12,218,Login,200,OK,JMeter Users 1-9,text,TRUE,3739,9,9,http://192.168.99.100:8000/,47
1.45997E+12,228,Login,200,OK,JMeter Users 1-1,text,TRUE,3739,9,9,http://192.168.99.100:8000/,37
1.45997E+12,314,Home Page,200,OK,JMeter Users 1-8,text,TRUE,3992,8,8,http://192.168.99.100:8000/,44
1.45997E+12,161,Changes,200,OK,JMeter Users 1-10,text,TRUE,4145,8,8,http://192.168.99.100:8000/catpost/2,160
1.45997E+12,331,Home Page,200,OK,JMeter Users 1-3,text,TRUE,3992,8,8,http://192.168.99.100:8000/,46
1.45997E+12,438,Home Page,200,OK,JMeter Users 1-7,text,TRUE,3992,8,8,http://192.168.99.100:8000/,145
1.45997E+12,233,Login,200,OK,JMeter Users 1-5,text,TRUE,3739,8,8,http://192.168.99.100:8000/,98
1.45997E+12,242,Login,200,OK,JMeter Users 1-6,text,TRUE,3739,8,8,http://192.168.99.100:8000/,98
1.45997E+12,143,Changes,200,OK,JMeter Users 1-7,text,TRUE,4145,8,8,http://192.168.99.100:8000/catpost/2,143
1.45997E+12,325,Home Page,200,OK,JMeter Users 1-4,text,TRUE,3992,8,8,http://192.168.99.100:8000/,105
1.45997E+12,204,Changes,200,OK,JMeter Users 1-3,text,TRUE,4145,8,8,http://192.168.99.100:8000/catpost/2,201
1.45997E+12,214,Changes,200,OK,JMeter Users 1-8,text,TRUE,4145,8,8,http://192.168.99.100:8000/catpost/2,210
1.45997E+12,331,Home Page,200,OK,JMeter Users 1-9,text,TRUE,3992,8,8,http://192.168.99.100:8000/,84
1.45997E+12,247,Login,200,OK,JMeter Users 1-10,text,TRUE,3739,8,8,http://192.168.99.100:8000/,40
1.45997E+12,164,Login,200,OK,JMeter Users 1-7,text,TRUE,3739,8,8,http://192.168.99.100:8000/,70
1.45997E+12,153,Changes,200,OK,JMeter Users 1-4,text,TRUE,4145,8,8,http://192.168.99.100:8000/catpost/2,152
1.45997E+12,178,Login,200,OK,JMeter Users 1-8,text,TRUE,3739,8,8,http://192.168.99.100:8000/,20
1.45997E+12,220,Login,200,OK,JMeter Users 1-3,text,TRUE,3739,8,8,http://192.168.99.100:8000/,22
1.45997E+12,370,Home Page,200,OK,JMeter Users 1-5,text,TRUE,3992,7,7,http://192.168.99.100:8000/,113
1.45997E+12,225,Changes,200,OK,JMeter Users 1-9,text,TRUE,4145,7,7,http://192.168.99.100:8000/catpost/2,222
1.45997E+12,389,Home Page,200,OK,JMeter Users 1-6,text,TRUE,3992,7,7,http://192.168.99.100:8000/,136
1.45997E+12,199,Login,200,OK,JMeter Users 1-4,text,TRUE,3739,7,7,http://192.168.99.100:8000/,96
1.45997E+12,331,Home Page,200,OK,JMeter Users 1-10,text,TRUE,3992,6,6,http://192.168.99.100:8000/,93
1.45997E+12,319,Home Page,200,OK,JMeter Users 1-7,text,TRUE,3992,6,6,http://192.168.99.100:8000/,93
1.45997E+12,163,Changes,200,OK,JMeter Users 1-6,text,TRUE,4145,6,6,http://192.168.99.100:8000/catpost/2,163
1.45997E+12,199,Changes,200,OK,JMeter Users 1-5,text,TRUE,4145,6,6,http://192.168.99.100:8000/catpost/2,186
1.45997E+12,258,Home Page,200,OK,JMeter Users 1-8,text,TRUE,3992,6,6,http://192.168.99.100:8000/,55
1.45997E+12,235,Login,200,OK,JMeter Users 1-9,text,TRUE,3739,6,6,http://192.168.99.100:8000/,37
1.45997E+12,184,Changes,200,OK,JMeter Users 1-10,text,TRUE,4145,6,6,http://192.168.99.100:8000/catpost/2,183
1.45997E+12,216,Changes,200,OK,JMeter Users 1-7,text,TRUE,4145,6,6,http://192.168.99.100:8000/catpost/2,204
1.45997E+12,212,Login,200,OK,JMeter Users 1-6,text,TRUE,3739,6,6,http://192.168.99.100:8000/,24
1.45997E+12,207,Login,200,OK,JMeter Users 1-5,text,TRUE,3739,5,5,http://192.168.99.100:8000/,25
1.45997E+12,206,Changes,200,OK,JMeter Users 1-8,text,TRUE,4145,5,5,http://192.168.99.100:8000/catpost/2,198
1.45997E+12,131,Login,200,OK,JMeter Users 1-10,text,TRUE,3739,4,4,http://192.168.99.100:8000/,12
1.45997E+12,103,Login,200,OK,JMeter Users 1-7,text,TRUE,3739,4,4,http://192.168.99.100:8000/,9
1.45997E+12,254,Home Page,200,OK,JMeter Users 1-9,text,TRUE,3992,3,3,http://192.168.99.100:8000/,65
1.45997E+12,66,Home Page,200,OK,JMeter Users 1-10,text,TRUE,3992,3,3,http://192.168.99.100:8000/,7
1.45997E+12,95,Login,200,OK,JMeter Users 1-8,text,TRUE,3739,3,3,http://192.168.99.100:8000/,7
1.45997E+12,59,Changes,200,OK,JMeter Users 1-9,text,TRUE,4145,2,2,http://192.168.99.100:8000/catpost/2,56
1.45997E+12,75,Changes,200,OK,JMeter Users 1-10,text,TRUE,4145,2,2,http://192.168.99.100:8000/catpost/2,70
1.45997E+12,54,Login,200,OK,JMeter Users 1-9,text,TRUE,3739,2,2,http://192.168.99.100:8000/,5
1.45997E+12,53,Login,200,OK,JMeter Users 1-10,text,TRUE,3739,1,1,http://192.168.99.100:8000/,7